Chr,Position,Ref,Alt,Genotype,Gene,Effect,AA_Change,cDNA,Protein,ACMG,ACMG_score,ClinVar,ClinVar_Stars,Disease,Inheritance,REVEL,gnomAD_AF,Depth,VAF
1,216350564,C,A,0/1,USH2A,intron_variant,-,NM_007123.6:c.784+14389G>T,NP_009054.6:p.?,Likely pathogenic,0.89991,Likely pathogenic||Likely pathogenic||Uncertain significance||Uncertain significance,1||1||1||1,"Usher syndrome, type 2A",Autosomal recessive,-,0.0007891,65,0.34
1,216350564,C,A,0/1,USH2A,intron_variant,-,NM_007123.6:c.784+14389G>T,NP_009054.6:p.?,Likely pathogenic,0.89991,Likely pathogenic||Likely pathogenic||Uncertain significance||Uncertain significance,1||1||1||1,Retinitis pigmentosa 39,Autosomal recessive||Autosomal recessive suspected||Compound heterozygous,-,0.0007891,65,0.34
1,216350564,C,A,0/1,USH2A,intron_variant,-,NM_206933.4:c.784+14389G>T,NP_996816.3:p.?,Likely pathogenic,0.89991,Likely pathogenic||Likely pathogenic||Uncertain significance||Uncertain significance,1||1||1||1,"Usher syndrome, type 2A",Autosomal recessive,-,0.0007891,65,0.34
1,216350564,C,A,0/1,USH2A,intron_variant,-,NM_206933.4:c.784+14389G>T,NP_996816.3:p.?,Likely pathogenic,0.89991,Likely pathogenic||Likely pathogenic||Uncertain significance||Uncertain significance,1||1||1||1,Retinitis pigmentosa 39,Autosomal recessive||Autosomal recessive suspected||Compound heterozygous,-,0.0007891,65,0.34
3,44901672,G,A,0/1,TGM4,stop_gained,W/*,NM_003241.4:c.806G>A,NP_003232.2:p.Trp269Ter,VUS,0.98779,Likely pathogenic,0,-,-,-,0.0079031,189,0.42
3,75741671,A,G,0/1,ZNF717,synonymous_variant,D,NM_001128223.3:c.123T>C,NP_001121695.1:p.Asp41=,Benign,0.18771,Pathogenic,0,-,-,-,0.6842905,138,0.49
3,75741671,A,G,0/1,ZNF717,synonymous_variant,D,NM_001290208.3:c.123T>C,NP_001277137.1:p.Asp41=,Benign,0.1,Pathogenic,0,-,-,-,0.6842905,138,0.49
3,75741671,A,G,0/1,ZNF717,5_prime_UTR_variant,-,NM_001290209.3:c.-28T>C,NP_001277138.1:p.?,Benign,0.18771,Pathogenic,0,-,-,-,0.6842905,138,0.49
3,75741671,A,G,0/1,ZNF717,synonymous_variant,D,NM_001290210.2:c.123T>C,NP_001277139.1:p.Asp41=,Benign,0.18771,Pathogenic,0,-,-,-,0.6842905,138,0.49
3,75741671,A,G,0/1,ZNF717,synonymous_variant,D,NM_001324026.2:c.123T>C,NP_001310955.1:p.Asp41=,Benign,0.18771,Pathogenic,0,-,-,-,0.6842905,138,0.49
3,75741671,A,G,0/1,ZNF717,synonymous_variant,D,NM_001324027.1:c.123T>C,NP_001310956.1:p.Asp41=,Benign,0.18771,Pathogenic,0,-,-,-,0.6842905,138,0.49
3,75741671,A,G,0/1,ZNF717,synonymous_variant,D,NM_001324028.1:c.102T>C,NP_001310957.1:p.Asp34=,Benign,0.18771,Pathogenic,0,-,-,-,0.6842905,138,0.49
3,75741671,A,G,0/1,MIR4273,downstream_gene_variant,-,NR_036235.1:c.?,-:p.?,Benign,0.1,Pathogenic,0,-,-,-,0.6842905,138,0.49
7,107683453,A,G,0/1,SLC26A4,splice_acceptor_variant,-,NM_000441.2:c.919-2A>G,NP_000432.1:p.?,Pathogenic,1,Pathogenic||Pathogenic||Pathogenic||Pathogenic||Pathogenic||Likely pathogenic||Pathogenic,2||2||3||2||1||0||0,Pendred syndrome,Autosomal recessive,-,0.0001905,257,0.46
7,107683453,A,G,0/1,SLC26A4,splice_acceptor_variant,-,NM_000441.2:c.919-2A>G,NP_000432.1:p.?,Pathogenic,1,Pathogenic||Pathogenic||Pathogenic||Pathogenic||Pathogenic||Likely pathogenic||Pathogenic,2||2||3||2||1||0||0,"Deafness, autosomal recessive 4, with enlarged vestibular aqueduct",Autosomal recessive,-,0.0001905,257,0.46
10,111079821,A,G,1|1,ADRA2A,3_prime_UTR_variant,-,NM_000681.4:c.*427A>G,NP_000672.3:p.?,Benign,0.0122,Pathogenic,0,"Lipodystrophy, familial partial, type 8",Autosomal dominant,-,0.774953,90,1
11,66025908,TC,T,0/1,CATSPER1,frameshift_variant,E/X,NM_053054.4:c.471del,NP_444282.3:p.Asn158IlefsTer177,Likely pathogenic,0.99409,-,-,Spermatogenic failure 7,Autosomal recessive,-,-,63,0.52
12,120727115,C,T,0/1,ACADS,missense_variant,R/W,NM_000017.4:c.136C>T,NP_000008.1:p.Arg46Trp,Pathogenic,0.99863,Pathogenic/Likely pathogenic||Likely pathogenic||Pathogenic||Likely pathogenic,2||1||0||1,"Acyl-CoA dehydrogenase, short-chain, deficiency of",Autosomal recessive,0.937,0.0001117,204,0.42
12,120727115,C,T,0/1,ACADS,missense_variant,R/W,NM_001302554.2:c.136C>T,NP_001289483.1:p.Arg46Trp,Pathogenic,0.99863,Pathogenic/Likely pathogenic||Likely pathogenic||Pathogenic||Likely pathogenic,2||1||0||1,"Acyl-CoA dehydrogenase, short-chain, deficiency of",Autosomal recessive,0.937,0.0001117,204,0.42
15,43260232,TG,T,0/1,TGM5,intron_variant,-,NM_004245.4:c.190+167del,NP_004236.1:p.?,Likely pathogenic,0.89991,Pathogenic/Likely pathogenic||Pathogenic,2||1,Peeling skin syndrome 2,Autosomal recessive,-,2.63e-05,222,0.5
15,43260232,TG,T,0/1,TGM5,frameshift_variant,P/X,NM_201631.4:c.255del,NP_963925.2:p.Ser86AlafsTer17,Pathogenic,0.99968,Pathogenic/Likely pathogenic||Pathogenic,2||1,Peeling skin syndrome 2,Autosomal recessive,-,2.63e-05,222,0.5
22,23311788,T,TCCGG,0/1,BCR,frameshift_variant,S/SGX,NM_004327.4:c.3275_3278dup,NP_004318.3:p.Val1094ArgfsTer17,Likely pathogenic,0.99409,Uncertain significance||Uncertain significance,1||1,"Leukemia, chronic myeloid, Philadelphia chromosome positive, somatic",Typified by somatic mosaicism,-,-,251,0.14
22,23311788,T,TCCGG,0/1,BCR,frameshift_variant,S/SGX,NM_004327.4:c.3275_3278dup,NP_004318.3:p.Val1094ArgfsTer17,Likely pathogenic,0.99409,Uncertain significance||Uncertain significance,1||1,"Leukemia, acute lymphocytic, Philadelphia chromosome positive, somatic",Polygenic inheritance||Typified by somatic mosaicism,-,-,251,0.14
22,23311788,T,TCCGG,0/1,BCR,frameshift_variant,S/SGX,NM_021574.3:c.3143_3146dup,NP_067585.2:p.Val1050ArgfsTer17,Likely pathogenic,0.99409,Uncertain significance||Uncertain significance,1||1,"Leukemia, chronic myeloid, Philadelphia chromosome positive, somatic",Typified by somatic mosaicism,-,-,251,0.14
22,23311788,T,TCCGG,0/1,BCR,frameshift_variant,S/SGX,NM_021574.3:c.3143_3146dup,NP_067585.2:p.Val1050ArgfsTer17,Likely pathogenic,0.99409,Uncertain significance||Uncertain significance,1||1,"Leukemia, acute lymphocytic, Philadelphia chromosome positive, somatic",Polygenic inheritance||Typified by somatic mosaicism,-,-,251,0.14
X,136877987,G,GAA,0/1,RBMX,frameshift_variant,-/X,NM_002139.4:c.315_316insTT,NP_002130.2:p.Pro106PhefsTer32,Likely pathogenic,0.99409,-,-,"Intellectual developmental disorder, X-linked syndromic, Shashi type",X-linked recessive,-,9.59e-05,102,0.3
X,136877987,G,GAA,0/1,RBMX,frameshift_variant,-/X,NM_002139.4:c.315_316insTT,NP_002130.2:p.Pro106PhefsTer32,Likely pathogenic,0.99409,-,-,"Intellectual developmental disorder, X-linked syndromic, Gustavson type",X-linked recessive,-,9.59e-05,102,0.3
